CREATE DATABASE  IF NOT EXISTS `akkis` /*!40100 DEFAULT CHARACTER SET latin1 */;
USE `akkis`;
-- MySQL dump 10.13  Distrib 5.5.44, for debian-linux-gnu (x86_64)
--
-- Host: 127.0.0.1    Database: akkis
-- ------------------------------------------------------
-- Server version	5.5.44-0ubuntu0.14.04.1

/*!40101 SET @OLD_CHARACTER_SET_CLIENT=@@CHARACTER_SET_CLIENT */;
/*!40101 SET @OLD_CHARACTER_SET_RESULTS=@@CHARACTER_SET_RESULTS */;
/*!40101 SET @OLD_COLLATION_CONNECTION=@@COLLATION_CONNECTION */;
/*!40101 SET NAMES utf8 */;
/*!40103 SET @OLD_TIME_ZONE=@@TIME_ZONE */;
/*!40103 SET TIME_ZONE='+00:00' */;
/*!40014 SET @OLD_UNIQUE_CHECKS=@@UNIQUE_CHECKS, UNIQUE_CHECKS=0 */;
/*!40014 SET @OLD_FOREIGN_KEY_CHECKS=@@FOREIGN_KEY_CHECKS, FOREIGN_KEY_CHECKS=0 */;
/*!40101 SET @OLD_SQL_MODE=@@SQL_MODE, SQL_MODE='NO_AUTO_VALUE_ON_ZERO' */;
/*!40111 SET @OLD_SQL_NOTES=@@SQL_NOTES, SQL_NOTES=0 */;

--
-- Table structure for table `CONTACT`
--

DROP TABLE IF EXISTS `CONTACT`;
/*!40101 SET @saved_cs_client     = @@character_set_client */;
/*!40101 SET character_set_client = utf8 */;
CREATE TABLE `CONTACT` (
  `CONTACT_ID` bigint(20) NOT NULL AUTO_INCREMENT,
  `ADDRESS` varchar(255) DEFAULT NULL,
  `COUNTRY` varchar(255) DEFAULT NULL,
  `EMAIL` varchar(255) DEFAULT NULL,
  `NAME` varchar(255) DEFAULT NULL,
  `PHONE` varchar(255) DEFAULT NULL,
  `PUBLICAVAILABILITY` tinyint(1) DEFAULT '0',
  `TYPE` int(11) DEFAULT NULL,
  `CONTACTCOMPANYID` bigint(20) DEFAULT NULL,
  `USERID` bigint(20) DEFAULT NULL,
  PRIMARY KEY (`CONTACT_ID`),
  KEY `FK_CONTACT_CONTACTCOMPANYID` (`CONTACTCOMPANYID`),
  KEY `FK_CONTACT_USERID` (`USERID`),
  CONSTRAINT `FK_CONTACT_CONTACTCOMPANYID` FOREIGN KEY (`CONTACTCOMPANYID`) REFERENCES `CONTACTCOMPANY` (`ID`),
  CONSTRAINT `FK_CONTACT_USERID` FOREIGN KEY (`USERID`) REFERENCES `USER` (`USER_ID`)
) ENGINE=InnoDB AUTO_INCREMENT=6 DEFAULT CHARSET=latin1;
/*!40101 SET character_set_client = @saved_cs_client */;

--
-- Dumping data for table `CONTACT`
--

LOCK TABLES `CONTACT` WRITE;
/*!40000 ALTER TABLE `CONTACT` DISABLE KEYS */;
INSERT INTO `CONTACT` VALUES (1,'koe','Suomi','h@x.com','uusi','213782137',0,0,1,4),(2,'u','suomi','uuu','u','uuuu',0,1,2,4),(3,'Osoite x','suomi','f@dj.com','Uusi kontakti','132213213',0,0,1,4),(4,'f','','q','a','g',0,0,NULL,4),(5,'f','d','q','a','g',0,0,2,4);
/*!40000 ALTER TABLE `CONTACT` ENABLE KEYS */;
UNLOCK TABLES;

--
-- Table structure for table `CONTACTCOMPANY`
--

DROP TABLE IF EXISTS `CONTACTCOMPANY`;
/*!40101 SET @saved_cs_client     = @@character_set_client */;
/*!40101 SET character_set_client = utf8 */;
CREATE TABLE `CONTACTCOMPANY` (
  `ID` bigint(20) NOT NULL AUTO_INCREMENT,
  `ADDRESS` varchar(255) DEFAULT NULL,
  `COMPANYIDENTIFIER` varchar(255) DEFAULT NULL,
  `INTERNETADDRESS` varchar(255) DEFAULT NULL,
  `NAME` varchar(255) DEFAULT NULL,
  PRIMARY KEY (`ID`)
) ENGINE=InnoDB AUTO_INCREMENT=4 DEFAULT CHARSET=latin1;
/*!40101 SET character_set_client = @saved_cs_client */;

--
-- Dumping data for table `CONTACTCOMPANY`
--

LOCK TABLES `CONTACTCOMPANY` WRITE;
/*!40000 ALTER TABLE `CONTACTCOMPANY` DISABLE KEYS */;
INSERT INTO `CONTACTCOMPANY` VALUES (1,'ss','23432','www.ss.fi','uusi asiakasy'),(2,'d','d','d','d'),(3,'d','d','d','d');
/*!40000 ALTER TABLE `CONTACTCOMPANY` ENABLE KEYS */;
UNLOCK TABLES;

--
-- Table structure for table `CONTRACT`
--

DROP TABLE IF EXISTS `CONTRACT`;
/*!40101 SET @saved_cs_client     = @@character_set_client */;
/*!40101 SET character_set_client = utf8 */;
CREATE TABLE `CONTRACT` (
  `CONTRACT_ID` bigint(20) NOT NULL AUTO_INCREMENT,
  `CONTRACTSTATUS` varchar(255) DEFAULT NULL,
  `ENDDATE` date DEFAULT NULL,
  `PRICE` double DEFAULT NULL,
  `SIGNDATE` date DEFAULT NULL,
  `CONTACTCOMPANYID` bigint(20) DEFAULT NULL,
  `USERID` bigint(20) DEFAULT NULL,
  PRIMARY KEY (`CONTRACT_ID`),
  KEY `FK_CONTRACT_USERID` (`USERID`),
  KEY `FK_CONTRACT_CONTACTCOMPANYID` (`CONTACTCOMPANYID`),
  CONSTRAINT `FK_CONTRACT_CONTACTCOMPANYID` FOREIGN KEY (`CONTACTCOMPANYID`) REFERENCES `CONTACTCOMPANY` (`ID`),
  CONSTRAINT `FK_CONTRACT_USERID` FOREIGN KEY (`USERID`) REFERENCES `USER` (`USER_ID`)
) ENGINE=InnoDB AUTO_INCREMENT=3 DEFAULT CHARSET=latin1;
/*!40101 SET character_set_client = @saved_cs_client */;

--
-- Dumping data for table `CONTRACT`
--

LOCK TABLES `CONTRACT` WRITE;
/*!40000 ALTER TABLE `CONTRACT` DISABLE KEYS */;
INSERT INTO `CONTRACT` VALUES (1,'status','2016-05-26',2000,'2015-11-10',1,4),(2,'uusi status','2016-10-28',10000,'2016-02-17',1,4);
/*!40000 ALTER TABLE `CONTRACT` ENABLE KEYS */;
UNLOCK TABLES;

--
-- Table structure for table `CONTRACTS_CONTACTS`
--

DROP TABLE IF EXISTS `CONTRACTS_CONTACTS`;
/*!40101 SET @saved_cs_client     = @@character_set_client */;
/*!40101 SET character_set_client = utf8 */;
CREATE TABLE `CONTRACTS_CONTACTS` (
  `contacts_CONTACT_ID` bigint(20) NOT NULL,
  `contracts_CONTRACT_ID` bigint(20) NOT NULL,
  PRIMARY KEY (`contacts_CONTACT_ID`,`contracts_CONTRACT_ID`),
  KEY `FK_CONTRACTS_CONTACTS_contracts_CONTRACT_ID` (`contracts_CONTRACT_ID`),
  CONSTRAINT `FK_CONTRACTS_CONTACTS_contacts_CONTACT_ID` FOREIGN KEY (`contacts_CONTACT_ID`) REFERENCES `CONTACT` (`CONTACT_ID`),
  CONSTRAINT `FK_CONTRACTS_CONTACTS_contracts_CONTRACT_ID` FOREIGN KEY (`contracts_CONTRACT_ID`) REFERENCES `CONTRACT` (`CONTRACT_ID`)
) ENGINE=InnoDB DEFAULT CHARSET=latin1;
/*!40101 SET character_set_client = @saved_cs_client */;

--
-- Dumping data for table `CONTRACTS_CONTACTS`
--

LOCK TABLES `CONTRACTS_CONTACTS` WRITE;
/*!40000 ALTER TABLE `CONTRACTS_CONTACTS` DISABLE KEYS */;
INSERT INTO `CONTRACTS_CONTACTS` VALUES (3,1),(1,2),(3,2);
/*!40000 ALTER TABLE `CONTRACTS_CONTACTS` ENABLE KEYS */;
UNLOCK TABLES;

--
-- Table structure for table `DEAL`
--

DROP TABLE IF EXISTS `DEAL`;
/*!40101 SET @saved_cs_client     = @@character_set_client */;
/*!40101 SET character_set_client = utf8 */;
CREATE TABLE `DEAL` (
  `DEAL_ID` bigint(20) NOT NULL AUTO_INCREMENT,
  `PERIODLENGTH` int(11) DEFAULT NULL,
  `PERIODTYPE` int(11) DEFAULT NULL,
  `PRICE` double DEFAULT NULL,
  `CONTRACT_CONTRACT_ID` bigint(20) DEFAULT NULL,
  `USER_USER_ID` bigint(20) DEFAULT NULL,
  PRIMARY KEY (`DEAL_ID`),
  KEY `FK_DEAL_CONTRACT_CONTRACT_ID` (`CONTRACT_CONTRACT_ID`),
  KEY `FK_DEAL_USER_USER_ID` (`USER_USER_ID`),
  CONSTRAINT `FK_DEAL_CONTRACT_CONTRACT_ID` FOREIGN KEY (`CONTRACT_CONTRACT_ID`) REFERENCES `CONTRACT` (`CONTRACT_ID`),
  CONSTRAINT `FK_DEAL_USER_USER_ID` FOREIGN KEY (`USER_USER_ID`) REFERENCES `USER` (`USER_ID`)
) ENGINE=InnoDB DEFAULT CHARSET=latin1;
/*!40101 SET character_set_client = @saved_cs_client */;

--
-- Dumping data for table `DEAL`
--

LOCK TABLES `DEAL` WRITE;
/*!40000 ALTER TABLE `DEAL` DISABLE KEYS */;
/*!40000 ALTER TABLE `DEAL` ENABLE KEYS */;
UNLOCK TABLES;

--
-- Table structure for table `DEALS_CONTACTS`
--

DROP TABLE IF EXISTS `DEALS_CONTACTS`;
/*!40101 SET @saved_cs_client     = @@character_set_client */;
/*!40101 SET character_set_client = utf8 */;
CREATE TABLE `DEALS_CONTACTS` (
  `contacts_CONTACT_ID` bigint(20) NOT NULL,
  `deals_DEAL_ID` bigint(20) NOT NULL,
  PRIMARY KEY (`contacts_CONTACT_ID`,`deals_DEAL_ID`),
  KEY `FK_DEALS_CONTACTS_deals_DEAL_ID` (`deals_DEAL_ID`),
  CONSTRAINT `FK_DEALS_CONTACTS_contacts_CONTACT_ID` FOREIGN KEY (`contacts_CONTACT_ID`) REFERENCES `CONTACT` (`CONTACT_ID`),
  CONSTRAINT `FK_DEALS_CONTACTS_deals_DEAL_ID` FOREIGN KEY (`deals_DEAL_ID`) REFERENCES `DEAL` (`DEAL_ID`)
) ENGINE=InnoDB DEFAULT CHARSET=latin1;
/*!40101 SET character_set_client = @saved_cs_client */;

--
-- Dumping data for table `DEALS_CONTACTS`
--

LOCK TABLES `DEALS_CONTACTS` WRITE;
/*!40000 ALTER TABLE `DEALS_CONTACTS` DISABLE KEYS */;
/*!40000 ALTER TABLE `DEALS_CONTACTS` ENABLE KEYS */;
UNLOCK TABLES;

--
-- Table structure for table `USER`
--

DROP TABLE IF EXISTS `USER`;
/*!40101 SET @saved_cs_client     = @@character_set_client */;
/*!40101 SET character_set_client = utf8 */;
CREATE TABLE `USER` (
  `USER_ID` bigint(20) NOT NULL AUTO_INCREMENT,
  `FIRSTNAMES` varchar(255) DEFAULT NULL,
  `LASTNAME` varchar(255) DEFAULT NULL,
  `PASSWORD` varchar(255) DEFAULT NULL,
  `TYPE` int(11) DEFAULT NULL,
  `USERNAME` varchar(255) DEFAULT NULL,
  `WHOLENAME` varchar(255) DEFAULT NULL,
  `ROLE` varchar(255) DEFAULT NULL,
  PRIMARY KEY (`USER_ID`)
) ENGINE=InnoDB AUTO_INCREMENT=6 DEFAULT CHARSET=latin1;
/*!40101 SET character_set_client = @saved_cs_client */;

--
-- Dumping data for table `USER`
--

LOCK TABLES `USER` WRITE;
/*!40000 ALTER TABLE `USER` DISABLE KEYS */;
INSERT INTO `USER` VALUES (2,'','','',3,'',NULL,NULL),(3,'Harri','Mäenpää','x',3,'hamaenpaa',NULL,NULL),(4,'','','admin',1,'admin',' ','ADMIN'),(5,'Uusi','Käyttäjä','uusik',3,'uusik',NULL,NULL);
/*!40000 ALTER TABLE `USER` ENABLE KEYS */;
UNLOCK TABLES;
/*!40103 SET TIME_ZONE=@OLD_TIME_ZONE */;

/*!40101 SET SQL_MODE=@OLD_SQL_MODE */;
/*!40014 SET FOREIGN_KEY_CHECKS=@OLD_FOREIGN_KEY_CHECKS */;
/*!40014 SET UNIQUE_CHECKS=@OLD_UNIQUE_CHECKS */;
/*!40101 SET CHARACTER_SET_CLIENT=@OLD_CHARACTER_SET_CLIENT */;
/*!40101 SET CHARACTER_SET_RESULTS=@OLD_CHARACTER_SET_RESULTS */;
/*!40101 SET COLLATION_CONNECTION=@OLD_COLLATION_CONNECTION */;
/*!40111 SET SQL_NOTES=@OLD_SQL_NOTES */;

-- Dump completed on 2015-11-25 19:10:27
